Company Name,Website
3Com Corp,http://www.ccioh.com/
3M Company,https://www.3m.com/
A.G. Edwards Inc.,https://en.wikipedia.org/wiki/A._G._Edwards
Abbott Laboratories,http://www.abbott.com/
Abercrombie & Fitch Co.,https://www.abercrombie.com/shop/us
ABM Industries Incorporated,https://www.abm.com/
Ace Hardware Corporation,https://www.acehardware.com/
ACT Manufacturing Inc.,https://www.bloomberg.com/research/stocks/private/snapshot.asp?privcapId=341050
Acterna Corp.,https://www.bloomberg.com/research/stocks/private/snapshot.asp?privcapId=175016
"Adams Resources & Energy, Inc.",https://www.adamsresources.com/
"ADC Telecommunications, Inc.",https://en.wikipedia.org/wiki/ADC_Telecommunications
Adelphia Communications Corporation,https://en.wikipedia.org/wiki/Adelphia_Communications_Corporation
"Administaff, Inc.",https://www.insperity.com/
Adobe Systems Incorporated,https://www.adobe.com/
Adolph Coors Company,https://en.wikipedia.org/wiki/Adolph_Coors_Company
"Advance Auto Parts, Inc.",https://shop.advanceautoparts.com/
"Advanced Micro Devices, Inc.",https://www.amd.com/en
"AdvancePCS, Inc.",https://www.ftc.gov/enforcement/cases-proceedings/031-0239/caremark-rx-incadvancepcs-matter
"Advantica Restaurant Group, Inc.",http://www.company-histories.com/Advantica-Restaurant-Group-Inc-Company-History.html
The AES Corporation,http://aes.com/
Aetna Inc.,https://www.aetna.com/
"Affiliated Computer Services, Inc.",https://www.xerox.com/en-us/services
AFLAC Incorporated,https://www.aflac.com/
AGCO Corporation,https://www.agcocorp.com/
"Agilent Technologies, Inc.",https://www.agilent.com/
Agway Inc.,http://www.agway.com/
Apartment Investment and Management Company,http://www.aimco.com/
"Air Products and Chemicals, Inc.",http://www.airproducts.com/
"Airborne, Inc.",https://www.airborne.com/
"Airgas, Inc.",http://www.airgas.com/
AK Steel Holding Corporation,https://www.aksteel.com/
"Alaska Air Group, Inc.",http://investor.alaskaair.com/
Alberto-Culver Company,https://en.wikipedia.org/wiki/Alberto-Culver
"Albertson's, Inc.",https://www.albertsons.com/
Alcoa Inc.,http://alcoa.com/
Alleghany Corporation,https://www.alleghany.com/Home/default.aspx
"Allegheny Energy, Inc.",https://en.wikipedia.org/wiki/Allegheny_Energy
Allegheny Technologies Incorporated,https://www.atimetals.com/
"Allergan, Inc.",https://www.allergan.com/home
"ALLETE, Inc.",http://www.allete.com/
Alliant Energy Corporation,http://www.alliantenergy.com/
"Allied Waste Industries, Inc.",https://en.wikipedia.org/wiki/Allied_Waste_Industries
Allmerica Financial Corporation,https://en.wikipedia.org/wiki/Allmerica_Financial_Corporation
The Allstate Corporation,https://www.allstate.com/about.aspx
ALLTEL Corporation,https://www.verizon.com/home/verizonglobalhome/ghp_landing.aspx
"The Alpine Group, Inc.",https://www.alpinepdx.com/
"Amazon.com, Inc.",https://www.amazon.com/
AMC Entertainment Inc.,https://www.amctheatres.com/corporate
American Power Conversion Corporation,https://www.apc.com/us/en/country-selector/?ref_url=/
Amerada Hess Corporation,http://www.hess.com/
AMERCO,https://amerco.com/
Ameren Corporation,https://www.ameren.com/
America West Holdings Corporation,https://en.wikipedia.org/wiki/America_West_Holdings_Corporation
"American Axle & Manufacturing Holdings, Inc.",https://www.aam.com/
"American Eagle Outfitters, Inc.",https://www.ae.com/
"American Electric Power Company, Inc.",http://www.aep.com/
American Express Company,https://www.americanexpress.com/
"American Financial Group, Inc.",https://www.afginc.com/
American Greetings Corporation,https://www.americangreetings.com/corporate
"American International Group, Inc.",https://www.aig.com/individual
American Standard Companies Inc.,https://www.americanstandard-us.com/
"American Water Works Company, Inc.",https://amwater.com/
AmerisourceBergen Corporation,https://www.amerisourcebergen.com/abcnew/
"Ames Department Stores, Inc.",https://en.wikipedia.org/wiki/Ames_Department_Stores_Inc.
Amgen Inc.,https://www.amgen.com/
"Amkor Technology, Inc.",https://amkor.com/
AMR Corporation,https://en.wikipedia.org/wiki/AMR_Corporation
AmSouth Bancorp.,https://en.wikipedia.org/wiki/AmSouth_Bancorporation
"Amtran, Inc.",https://www.inc.com/profile/amtran
Anadarko Petroleum Corporation,https://www.anadarko.com/
"Analog Devices, Inc.",https://www.analog.com/en/index.html
"Anheuser-Busch Companies, Inc.",https://www.anheuser-busch.com/
Anixter International Inc.,https://www.anixter.com/en_us.html
AnnTaylor Inc.,https://www.anntaylor.com/
"Anthem, Inc.",https://antheminc.com/
AOL Time Warner Inc.,https://en.wikipedia.org/wiki/Time_Warner
Aon Corporation,http://www.aon.com/home/index.html
Apache Corporation,http://www.apachecorp.com/
"Apple Computer, Inc.",https://en.wikipedia.org/wiki/Apple_Inc.
Applera Corporation,https://en.wikipedia.org/wiki/Applera
"Applied Industrial Technologies, Inc.",http://www.applied.com/
"Applied Materials, Inc.",http://www.appliedmaterials.com/
"Aquila, Inc.","https://en.wikipedia.org/wiki/Aquila,_Inc."
ARAMARK Corporation,https://www.aramark.com/
"Arch Coal, Inc.",http://www.archcoal.com/
Archer Daniels Midland Company,https://www.adm.com/
Arkansas Best Corporation,https://arcb.com/
"Armstrong Holdings, Inc.",http://www.armstrong.com/
"Arrow Electronics, Inc.",https://www.arrow.com/
"ArvinMeritor, Inc.",https://www.meritor.com/
Ashland Inc.,https://www.ashland.com/
Astoria Financial Corporation,https://astoriabank.snb.com/
AT&T Corp.,https://www.att.com/
Atmel Corporation,https://en.wikipedia.org/wiki/Atmel
Atmos Energy Corporation,https://www.atmosenergy.com/
Audiovox Corporation,http://www.voxxintl.com/
"Autoliv, Inc.",https://www.autoliv.com/
"Automatic Data Processing, Inc.",https://www.adp.com/
"AutoNation, Inc.",https://www.autonation.com/
"AutoZone, Inc.",https://www.autozone.com/
Avaya Inc.,https://www.avaya.com/en/
Avery Dennison Corporation,https://www.averydennison.com/en/home.html
Avista Corporation,https://www.myavista.com/about-us/our-company
"Avnet, Inc.",https://www.avnet.com/wps/portal/us/
"Avon Products, Inc.",https://www.avonworldwide.com/
Baker Hughes Incorporated,https://www.bhge.com/
Ball Corporation,https://www.ball.com/
Bank of America Corporation,https://www.bankofamerica.com/
"The Bank of New York Company, Inc.",https://www.britannica.com/topic/The-Bank-of-New-York-Company-Inc
Bank One Corporation,https://en.wikipedia.org/wiki/Bank_One_Corporation
"Banknorth Group, Inc.",https://en.wikipedia.org/wiki/Banknorth_Group%2C_Inc
Banta Corporation,https://en.wikipedia.org/wiki/Banta_Corporation
"Barnes & Noble, Inc.",http://www.barnesandnobleinc.com/
Bausch & Lomb Incorporated,http://www.bausch.com/
Baxter International Inc.,https://www.baxter.com/
BB&T Corporation,https://www.bbt.com/
The Bear Stearns Companies Inc.,https://en.wikipedia.org/wiki/Bear_Stearns
"Beazer Homes USA, Inc.",https://www.beazer.com/
"Beckman Coulter, Inc.",https://www.beckmancoulter.com/
"Becton, Dickinson and Company",https://www.bd.com/
Bed Bath & Beyond Inc.,https://www.bedbathandbeyond.com/
"Belk, Inc.",https://www.belk.com/
Bell Microproducts Inc.,https://www.linkedin.com/company/bell-microproducts
BellSouth Corporation,https://en.wikipedia.org/wiki/BellSouth
Belo Corp.,http://www.ahbelo.com/
"Bemis Company, Inc.",http://www.bemis.com/
"Benchmark Electronics, Inc.",http://www.bench.com/
Berkshire Hathaway Inc.,http://www.berkshirehathaway.com/
"Best Buy Co., Inc.",https://www.bestbuy.com/
Bethlehem Steel Corporation,https://en.wikipedia.org/wiki/Bethlehem_Steel
"Beverly Enterprises, Inc.",https://www.bloomberg.com/research/stocks/private/snapshot.asp?privcapId=255627
"Big Lots, Inc.",https://www.biglots.com/
BJ Services Company,https://www.bjservices.com/
"BJ's Wholesale Club, Inc.",https://www.bjs.com/
The Black & Decker Corporation,https://www.bloomberg.com/research/stocks/private/snapshot.asp?privcapId=255781
Black Hills Corporation,http://www.blackhillscorp.com/
"BMC Software, Inc.",http://www.bmc.com/
The Boeing Company,http://www.boeing.com/
Boise Cascade Corporation,http://www.bc.com/
"Borders Group, Inc.",https://en.wikipedia.org/wiki/Borders_Group
BorgWarner Inc.,https://www.borgwarner.com/home
Boston Scientific Corporation,http://www.bostonscientific.com/en-US/Home.html
Bowater Incorporated,https://en.wikipedia.org/wiki/Bowater
Briggs & Stratton Corporation,https://www.briggsandstratton.com/na/en_us/home.html
"Brightpoint, Inc.",https://mybrightpoint.org/
"Brinker International, Inc.",http://www.brinker.com/
Bristol-Myers Squibb Company,https://www.bms.com/
"Broadwing, Inc.",https://www.bloomberg.com/research/stocks/private/snapshot.asp?privcapId=4207314
"Brown Shoe Company, Inc.",https://www.caleres.com/
Brown-Forman Corporation,https://www.brown-forman.com/
Brunswick Corporation,https://www.brunswick.com/
"Budget Group, Inc.",http://avisbudgetgroup.com/
Burlington Coat Factory Warehouse Corporation,https://en.wikipedia.org/wiki/Burlington_Coat_Factory_Warehouse_Corporation
"Burlington Industries, Inc.",https://www.burlington.com/
Burlington Northern Santa Fe Corporation,http://www.bnsf.com/
Burlington Resources Inc.,https://en.wikipedia.org/wiki/Burlington_Resources
C. H. Robinson Worldwide Inc.,https://www.chrobinson.com/
Cablevision Systems Corp,https://en.wikipedia.org/wiki/Cablevision
Cabot Corp,http://www.cabotcorp.com/
"Cadence Design Systems, Inc.",https://www.cadence.com/
Calpine Corp.,http://www.calpine.com/
Campbell Soup Co.,https://www.campbellsoupcompany.com/
Capital One Financial Corp.,https://www.capitalone.com/
Cardinal Health Inc.,https://www.cardinalhealth.com/en.html
Caremark Rx Inc.,https://www.caremark.com/wps/portal/
Carlisle Cos. Inc.,https://carlisle.com/
Carpenter Technology Corp.,https://www.cartech.com/
Casey's General Stores Inc.,https://www.caseys.com/
Caterpillar Inc.,http://caterpillar.com/
CBRL Group Inc.,https://investor.cbrlgroup.com/
CDI Corp.,https://www.cdicorp.com/
CDW Computer Centers Inc.,https://www.cdw.com/
CellStar Corp.,https://www.encyclopedia.com/books/politics-and-business-magazines/cellstar-corporation
Cendant Corp,https://en.wikipedia.org/wiki/Cendant
Cenex Harvest States Cooperatives,http://www.chsinc.com/
Centex Corp.,https://www.centex.com/
CenturyTel Inc.,https://interapp.centurytel.com/custserv/contact_us/contact_info.cfm
Ceridian Corp.,https://www.ceridian.com/
CH2M Hill Cos. Ltd.,https://www.ch2m.com/
Champion Enterprises Inc.,https://www.championhomes.com/
Charles Schwab Corp.,https://www.schwab.com/
Charming Shoppes Inc.,http://www.charmingshoppes.com/
Charter Communications Inc.,https://en.wikipedia.org/wiki/Charter_Communications
Charter One Financial Inc.,https://en.wikipedia.org/wiki/Charter_One
ChevronTexaco Corp.,https://www.chevron.com/
Chiquita Brands International Inc.,https://www.chiquita.com/
Chubb Corp,https://www.chubb.com/us-en/
Ciena Corp.,https://www.ciena.com/
Cigna Corp,https://www.cigna.com/
Cincinnati Financial Corp.,https://www.cinfin.com/
Cinergy Corp.,https://cinergy.com/
Cintas Corp.,https://www.cintas.com/
Circuit City Stores Inc.,http://circuitcitycorporation.com/
Cisco Systems Inc.,https://www.cisco.com/
"Citigroup, Inc",https://www.citigroup.com/citi/
Citizens Communications Co.,https://en.wikipedia.org/wiki/Frontier_Communications
CKE Restaurants Inc.,http://www.ckr.com/
Clear Channel Communications Inc.,http://iheartmedia.com/
The Clorox Co.,https://www.thecloroxcompany.com/
CMGI Inc.,http://www.referenceforbusiness.com/history2/29/CMGI-Inc.html
CMS Energy Corp.,https://www.cmsenergy.com/home/default.aspx
CNF Inc.,https://en.wikipedia.org/wiki/Con-way
Coca-Cola Co.,https://www.coca-colacompany.com/
Coca-Cola Enterprises Inc.,https://www.ccep.com/
Colgate-Palmolive Co.,https://www.colgatepalmolive.com/en-us
Collins & Aikman Corp.,https://en.wikipedia.org/wiki/Collins_%26_Aikman
Comcast Corp.,https://www.xfinity.com/
Comdisco Inc.,http://www.comdisco.com/
Comerica Inc.,https://www.comerica.com/
Comfort Systems USA Inc.,http://comfortsystemsusa.com/
Commercial Metals Co.,https://www.cmc.com/en/americas/pages/home.aspx
Community Health Systems Inc.,http://www.chs.net/
Compass Bancshares Inc,https://www.bbvacompass.com/
Computer Associates International Inc.,https://www.ca.com/us.html
Computer Sciences Corp.,https://en.wikipedia.org/wiki/Computer_Sciences_Corporation
Compuware Corp.,https://compuware.com/
Comverse Technology Inc.,https://en.wikipedia.org/wiki/Comverse_Technology
ConAgra Foods Inc.,https://conagrabrands.com/
Concord EFS Inc.,https://www.bloomberg.com/research/stocks/private/snapshot.asp?privcapId=263053
"Conectiv, Inc",https://www.bloomberg.com/research/stocks/private/snapshot.asp?privcapid=1592893
Conoco Inc,https://www.conoco.com/
Conseco Inc.,http://conseco.com/
Consolidated Freightways Corp.,https://en.wikipedia.org/wiki/Consolidated_Freightways
Consolidated Edison Inc.,https://www.coned.com/en
Constellation Brands Inc.,http://www.cbrands.com/
Constellation Emergy Group Inc.,http://www.constellation.com/
Continental Airlines Inc.,https://en.wikipedia.org/wiki/Continental_Airlines
Convergys Corp.,https://en.wikipedia.org/wiki/Convergys
Cooper Cameron Corp.,https://www.cameron.slb.com/
Cooper Industries Ltd.,http://www.cooperindustries.com/
Cooper Tire & Rubber Co.,http://coopertire.com/
Corn Products International Inc.,http://www.ingredion.com/
Corning Inc.,http://www.corning.com/
Costco Wholesale Corp.,https://www.costco.com/
Countrywide Credit Industries Inc.,http://www.company-histories.com/Countrywide-Credit-Industries-Inc-Company-History.html
Coventry Health Care Inc.,http://coventryhealthcare.com/contact-us/index.htm
Cox Communications Inc.,https://www.cox.com/residential/home.html
Crane Co.,http://www.craneco.com/
Crompton Corp.,http://www.chemtura.com/
Crown Cork & Seal Co. Inc.,https://www.crowncork.com/
CSK Auto Corp.,https://en.wikipedia.org/wiki/CSK_Auto
CSX Corp.,http://csx.com/
Cummins Inc.,https://www.cummins.com/
CVS Corp.,https://cvshealth.com/
Cytec Industries Inc.,https://www.solvay.com/en
"D&K Healthcare Resources, Inc.",https://www.bloomberg.com/research/stocks/private/snapshot.asp?privcapId=125227
D.R. Horton Inc.,http://www.drhorton.com/
Dana Corporation,http://www.dana.com/
Danaher Corporation,http://www.danaher.com/
Darden Restaurants Inc.,https://www.darden.com/
DaVita Inc.,https://www.davita.com/
Dean Foods Company,http://www.deanfoods.com/
Deere & Company,https://www.deere.com/en/index.html
Del Monte Foods Co,https://www.delmonte.com/
Dell Computer Corporation,https://www.dell.com/en-us
Delphi Corp.,https://www.delphi.com/
Delta Air Lines Inc.,https://www.delta.com/
Deluxe Corporation,https://www.deluxe.com/
Devon Energy Corporation,http://devonenergy.com/
Di Giorgio Corporation,https://en.wikipedia.org/wiki/DiGiorgio_Corporation
Dial Corporation,https://www.dialsoap.com/
Diebold Incorporated,https://www.dieboldnixdorf.com/
Dillard's Inc.,https://www.dillards.com/
DIMON Incorporated,https://www.dimonfuneralhome.com/
"Dole Food Company, Inc.",http://www.dole.com/
Dollar General Corporation,https://www.dollargeneral.com/
"Dollar Tree Stores, Inc.",https://www.dollartree.com/
"Dominion Resources, Inc.",https://www.dominionenergy.com/
Domino's Pizza LLC,https://www.dominos.com/en/
"Dover Corporation, Inc.",https://www.dovercorporation.com/
Dow Chemical Company,https://www.dow.com/en-us
"Dow Jones & Company, Inc.",https://www.dowjones.com/
DPL Inc.,http://www.dplinc.com/
DQE Inc.,https://dqeready.com/
"Dreyer's Grand Ice Cream, Inc.",https://www.dreyers.com/
"DST Systems, Inc.",https://www.dstsystems.com/
DTE Energy Co.,http://www.dteenergy.com/
E.I. Du Pont de Nemours and Company,http://www.dupont.com/
Duke Energy Corp,https://www.duke-energy.com/home
Dun & Bradstreet Inc.,https://www.dnb.com/
DURA Automotive Systems Inc.,https://www.duraauto.com/
DynCorp,https://www.dyn-intl.com/
Dynegy Inc.,https://www.dynegy.com/
"E*Trade Group, Inc.",https://us.etrade.com/home
E.W. Scripps Company,http://www.scripps.com/
"Earthlink, Inc.",https://www.earthlink.net/
Eastman Chemical Company,https://www.eastman.com/Pages/Home.aspx
Eastman Kodak Company,https://www.kodak.com/corp/default.htm
Eaton Corporation,http://www.eaton.com/us/en-us.html
Echostar Communications Corporation,http://echostar.com/
Ecolab Inc.,https://www.ecolab.com/
Edison International,https://www.edison.com/
EGL Inc.,https://www.bloomberg.com/profiles/companies/8285461Q:US-egl-inc
El Paso Corporation,https://en.wikipedia.org/wiki/El_Paso_Corp.
Electronic Arts Inc.,https://www.ea.com/
Electronic Data Systems Corp.,http://www.eds.com/
Eli Lilly and Company,https://www.lilly.com/
EMC Corporation,https://www.dellemc.com/en-us/index.htm
Emcor Group Inc.,https://emcorgroup.com/
Emerson Electric Co.,https://www.emerson.com/en-us
Encompass Services Corporation,http://www.encompassservices.com/
Energizer Holdings Inc.,https://www.energizerholdings.com/
Energy East Corporation,https://en.wikipedia.org/wiki/Energy_East
Engelhard Corporation,https://en.wikipedia.org/wiki/Engelhard
Enron Corp.,https://en.wikipedia.org/wiki/Enron
Entergy Corporation,http://entergy.com/
Enterprise Products Partners L.P.,http://www.enterpriseproducts.com/
"EOG Resources, Inc.",https://www.eogresources.com/
Equifax Inc.,https://www.equifax.com/personal/
Equitable Resources Inc.,http://www.eqt.com/
Equity Office Properties Trust,https://www.eqoffice.com/
Equity Residential Properties Trust,http://www.equityapartments.com/corporate/
Estee Lauder Companies Inc.,http://www.elcompanies.com/
Exelon Corporation,http://www.exeloncorp.com/
Exide Technologies,https://www.exide.com/
Expeditors International of Washington Inc.,https://www.expeditors.com/
Express Scripts Inc.,https://express-scripts.com/
ExxonMobil Corporation,https://corporate.exxonmobil.com/
Fairchild Semiconductor International Inc.,https://en.wikipedia.org/wiki/Fairchild_Semiconductor
Family Dollar Stores Inc.,https://www.familydollar.com/
Farmland Industries Inc.,https://en.wikipedia.org/wiki/Farmland_Industries
Federal Mogul Corp.,http://www.federalmogul.com/
Federated Department Stores Inc.,"https://en.wikipedia.org/wiki/Macy%27s,_Inc."
Federal Express Corp.,https://www.fedex.com/global/choose-location.html
Felcor Lodging Trust Inc.,http://www.rljlodgingtrust.com/
Ferro Corp.,https://www.ferro.com/
Fidelity National Financial Inc.,http://www.fnf.com/
Fifth Third Bancorp,https://www.53.com/content/fifth-third/en.html
First American Financial Corp.,http://www.firstam.com/
First Data Corp.,https://www.firstdata.com/en_us/home.html
First National of Nebraska Inc.,http://www.fnni.com/
First Tennessee National Corp.,http://www.firsthorizon.com/about-us
FirstEnergy Corp.,https://www.firstenergycorp.com/
Fiserv Inc.,https://www.fiserv.com/index.aspx
Fisher Scientific International Inc.,https://www.fishersci.com/us/en/home.html
FleetBoston Financial Co.,https://en.wikipedia.org/wiki/FleetBoston_Financial
Fleetwood Enterprises Inc.,http://www.fleetwood.com/
Fleming Companies Inc.,"https://en.wikipedia.org/wiki/Fleming_Companies,_Inc"
Flowers Foods Inc.,https://www.flowersfoods.com/
Flowserv Corp,https://www.flowserve.com/en
Fluor Corp,https://www.fluor.com/
FMC Corp,http://fmc.com/
Foamex International Inc,http://fxi.com/
Foot Locker Inc,https://www.footlocker-inc.com/
Footstar Inc.,https://en.wikipedia.org/wiki/Footstar
Ford Motor Co,https://www.ford.com/
Forest Laboratories Inc.,https://www.allergan.com/home
Fortune Brands Inc.,https://www.fbhs.com/
Foster Wheeler Ltd.,http://www.amecfw.com/
FPL Group Inc.,https://www.fpl.com/about/company-profile.html
Franklin Resources Inc.,https://www.franklinresources.com/
Freeport McMoran Copper & Gold Inc.,https://www.fcx.com/
Frontier Oil Corp,https://www.hollyfrontier.com/home/default.aspx
Furniture Brands International Inc.,https://en.wikipedia.org/wiki/Furniture_Brands_International
"Gannett Co., Inc.",https://www.gannett.com/
Gap Inc.,https://www.gap.com/
Gateway Inc.,http://www.gateway.com/worldwide/
GATX Corporation,http://www.gatx.com/wps/wcm/connect/GATX/GATX_SITE/Home
Gemstar-TV Guide International Inc.,https://en.wikipedia.org/wiki/Gemstar-TV_Guide_International
GenCorp Inc.,http://aerojetrocketdyne.com/
General Cable Corporation,https://generalcable.com/
General Dynamics Corporation,https://www.gd.com/
General Electric Company,https://www.ge.com/
General Mills Inc,https://www.generalmills.com/
General Motors Corporation,https://www.gm.com/
Genesis Health Ventures Inc.,http://www.genesishcc.com/
Gentek Inc.,http://gentekinc.com/
Gentiva Health Services Inc.,https://www.kindredhealthcare.com/our-services/home-care/about/affiliates/gentiva
Genuine Parts Company,http://www.genpt.com/
Genuity Inc.,https://www.bloomberg.com/research/stocks/private/snapshot.asp?privcapId=415614
Genzyme Corporation,https://www.sanofigenzyme.com/
Georgia Gulf Corporation,http://www.axiall.com/
Georgia-Pacific Corporation,https://www.gp.com/
Gillette Company,https://gillette.com/en-us
Gold Kist Inc.,http://www.goldkist.com/
Golden State Bancorp Inc.,https://www.goldenstatebank.com/
Golden West Financial Corporation,http://www.goldenwestworld.com/
Goldman Sachs Group Inc.,https://www.goldmansachs.com/
Goodrich Corporation,https://en.wikipedia.org/wiki/Goodrich_Corporation
The Goodyear Tire & Rubber Company,https://www.goodyear.com/
Granite Construction Incorporated,https://www.graniteconstruction.com/
Graybar Electric Company Inc.,https://www.graybar.com/store/en/gb
Great Lakes Chemical Corporation,https://en.wikipedia.org/wiki/Great_Lakes_Chemical_Corporation
Great Plains Energy Inc.,http://www.evergyinc.com/
GreenPoint Financial Corp.,https://www.bloomberg.com/research/stocks/private/snapshot.asp?privcapId=331749
Greif Bros. Corporation,https://www.greif.com/
Grey Global Group Inc.,http://grey.com/global
Group 1 Automotive Inc.,https://www.group1auto.com/
Guidant Corporation,https://en.wikipedia.org/wiki/Guidant
H&R Block Inc.,https://www.hrblock.com/
H.B. Fuller Company,https://www.hbfuller.com/
H.J. Heinz Company,http://www.kraftheinzcompany.com/
Halliburton Co.,http://www.halliburton.com/
Harley-Davidson Inc.,https://www.harley-davidson.com/us/en/index.html
Harman International Industries Inc.,https://www.harman.com/
Harrah's Entertainment Inc.,https://www.caesars.com/harrahs
Harris Corp.,https://www.harris.com/
Harsco Corp.,http://www.harsco.com/
Hartford Financial Services Group Inc.,https://www.thehartford.com/
Hasbro Inc.,https://shop.hasbro.com/en-us
Hawaiian Electric Industries Inc.,http://www.hei.com/
HCA Inc.,https://hcahealthcare.com/
Health Management Associates Inc.,https://www.healthmanagement.com/
Health Net Inc.,https://www.healthnet.com/
Healthsouth Corp,http://www.encompasshealth.com/
Henry Schein Inc.,https://www.henryschein.com/
Hercules Inc.,https://en.wikipedia.org/wiki/Hercules_Inc.
Herman Miller Inc.,https://www.hermanmiller.com/
Hershey Foods Corp.,http://www.hersheys.com/en_us/home.html
Hewlett-Packard Company,https://www8.hp.com/us/en/home.html
Hibernia Corp.,https://en.wikipedia.org/wiki/Hibernia_National_Bank
Hillenbrand Industries Inc.,https://www.hillenbrand.com/
Hilton Hotels Corp.,https://www.hilton.com/en/corporate/
Hollywood Entertainment Corp.,https://en.wikipedia.org/wiki/Hollywood_Video
Home Depot Inc.,https://www.homedepot.com/
Hon Industries Inc.,https://www.hon.com/
Honeywell International Inc.,https://www.honeywell.com/
Hormel Foods Corp.,https://www.hormelfoods.com/
Host Marriott Corp.,https://www.hosthotels.com/
Household International Corp.,https://en.wikipedia.org/wiki/HSBC_Finance
Hovnanian Enterprises Inc.,https://www.khov.com/
Hub Group Inc.,https://www.hubgroup.com/
Hubbell Inc.,https://www.hubbell.com/
Hughes Supply Inc.,https://hughessupply.com/
Humana Inc.,https://www.humana.com/
Huntington Bancshares Inc.,https://www.huntington.com/
Idacorp Inc.,https://www.idacorpinc.com/
IDT Corporation,https://www.idt.net/
IKON Office Solutions Inc.,https://www.ricoh-usa.com/en
Illinois Tool Works Inc.,http://www.itw.com/
IMC Global Inc.,https://en.wikipedia.org/wiki/IMC_Global
Imperial Sugar Company,http://www.imperialsugar.com/
IMS Health Inc.,https://www.iqvia.com/
Ingles Market Inc,https://www.ingles-markets.com/
Ingram Micro Inc.,http://www.ingrammicro.com/
Insight Enterprises Inc.,https://www.insight.com/en_US/home.html
Integrated Electrical Services Inc.,http://www.ies-co.com/
Intel Corporation,https://www.intel.com/content/www/us/en/homepage.html
International Paper Co.,http://www.internationalpaper.com/
Interpublic Group of Companies Inc.,https://www.interpublic.com/
Interstate Bakeries Corporation,https://en.wikipedia.org/wiki/Old_HB
International Business Machines Corp.,https://www.ibm.com/us-en/
International Flavors & Fragrances Inc.,https://www.iff.com/
International Multifoods Corporation,https://www.bloomberg.com/research/stocks/private/snapshot.asp?privcapId=281471
Intuit Inc.,https://www.intuit.com/
IT Group Inc.,https://www.thegroupinc.com/
ITT Industries Inc.,http://itt.com/home
Ivax Corp.,https://www.bloomberg.com/profiles/companies/IVX:US-ivax-corp
J.B. Hunt Transport Services Inc.,https://www.jbhunt.com/
J.C. Penny Co.,https://www.jcpenney.com/
J.P. Morgan Chase & Co.,https://www.jpmorganchase.com/
Jabil Circuit Inc.,https://www.jabil.com/
Jack In The Box Inc.,https://www.jackinthebox.com/
Jacobs Engineering Group Inc.,https://jacobs.com/
JDS Uniphase Corp.,https://en.wikipedia.org/wiki/JDSU
Jefferson-Pilot Co.,http://www.termlifeamerica.com/jeffersonpilot.html
John Hancock Financial Services Inc.,https://www.johnhancock.com/
Johnson & Johnson,https://www.jnj.com/
Johnson Controls Inc.,https://www.johnsoncontrols.com/
Jones Apparel Group Inc.,https://www.jny.com/
KB Home,https://www.kbhome.com/
Kellogg Company,https://www.kelloggcompany.com/en_US/home.html
Kellwood Company,http://kellwood.com/
Kelly Services Inc.,https://www.kellyservices.com/
Kemet Corp.,http://www.kemet.com/
Kennametal Inc.,https://www.kennametal.com/en/home.html
Kerr-McGee Corporation,https://en.wikipedia.org/wiki/Kerr-McGee
KeyCorp,https://www.key.com/about/index.jsp
KeySpan Corp.,https://en.wikipedia.org/wiki/KeySpan
Kimball International Inc.,https://www.kimball.com/
Kimberly-Clark Corporation,https://www.kimberly-clark.com/en-us
Kindred Healthcare Inc.,https://www.kindredhealthcare.com/
KLA-Tencor Corporation,https://www.kla-tencor.com/
K-Mart Corp.,https://www.kmart.com/
Knight-Ridder Inc.,https://en.wikipedia.org/wiki/Knight_Ridder
Kohl's Corp.,https://corporate.kohls.com/
KPMG Consulting Inc.,https://home.kpmg/us/en/home.html
Kroger Co.,https://www.kroger.com/
L-3 Communications Holdings Inc.,https://www.l3t.com/
Laboratory Corporation of America Holdings,https://www.labcorp.com/
Lam Research Corporation,https://www.lamresearch.com/
LandAmerica Financial Group Inc.,http://landamericaassessmentcorp.com/
Lands' End Inc.,https://www.landsend.com/
Landstar System Inc.,https://www.landstar.com/
La-Z-Boy Inc.,https://www.la-z-boy.com/
Lear Corporation,http://lear.com/
Legg Mason Inc.,https://www.leggmason.com/
Leggett & Platt Inc.,http://leggett.com/
Lehman Brothers Holdings Inc.,https://en.wikipedia.org/wiki/Lehman_Brothers
Lennar Corporation,https://www.lennar.com/
Lennox International Inc.,https://www.lennox.com/
Level 3 Communications Inc.,https://en.wikipedia.org/wiki/Level_3_Communications
Levi Strauss & Co.,http://www.levistrauss.com/
Lexmark International Inc.,https://www.lexmark.com/en_us.html
Limited Inc.,https://en.wikipedia.org/wiki/Limited_Inc
Lincoln National Corporation,https://www.lfg.com/public/individual
Linens 'n Things Inc.,https://en.wikipedia.org/wiki/Linens_%27n_Things
Lithia Motors Inc.,https://www.lithia.com/
Liz Claiborne Inc.,https://en.wikipedia.org/wiki/Liz_Claiborne
Lockheed Martin Corporation,https://www.lockheedmartin.com/en-us/index.html
Loews Corporation,http://www.loews.com/
Longs Drug Stores Corporation,https://en.wikipedia.org/wiki/Longs_Drugs
Louisiana-Pacific Corporation,https://lpcorp.com/
Lowe's Companies Inc.,https://www.lowes.com/l/company-information.html
LSI Logic Corporation,https://en.wikipedia.org/wiki/LSI_Corporation
The LTV Corporation,https://en.wikipedia.org/wiki/Ling-Temco-Vought
The Lubrizol Corporation,https://www.lubrizol.com/
Lucent Technologies Inc.,https://en.wikipedia.org/wiki/Lucent
Lyondell Chemical Company,https://www.lyondellbasell.com/
M & T Bank Corporation,https://www.mtb.com/home-page
Magellan Health Services Inc.,http://www.magellanhealth.com/
Mail-Well Inc.,http://www.referenceforbusiness.com/history2/37/Mail-Well-Inc.html
Mandalay Resort Group,https://en.wikipedia.org/wiki/Mandalay_Resort_Group
Manor Care Inc.,https://hcr-manorcare.com/
Manpower Inc.,http://manpower.com/
Marathon Oil Corporation,https://www.marathonoil.com/
Mariner Health Care Inc.,https://www.marinerhealthcare.com/
Markel Corporation,https://www.markelcorp.com/
Marriott International Inc.,https://www.marriott.com/default.mi
Marsh & McLennan Companies Inc.,http://www.mmc.com/
Marsh Supermarkets Inc.,https://www.marsh.net/
Marshall & Ilsley Corporation,https://en.wikipedia.org/wiki/Marshall_%26_Ilsley
Martin Marietta Materials Inc.,https://www.martinmarietta.com/
Masco Corporation,http://masco.com/
Massey Energy Company,http://www.masseyenergyco.com/
MasTec Inc.,http://www.mastec.com/
Mattel Inc.,https://www.mattel.com/en-us
Maxim Integrated Products Inc.,https://www.maximintegrated.com/en.html
Maxtor Corporation,https://maxtor.seagate.com/
Maxxam Inc.,http://www.hoovers.com/company-information/cs/company-profile.maxxam_inc.4f8c2219cb64ffee.html
The May Department Stores Company,https://en.wikipedia.org/wiki/The_May_Department_Stores_Company
Maytag Corporation,http://www.maytag.com/
MBNA Corporation,https://en.wikipedia.org/wiki/MBNA
McCormick & Company Incorporated,https://www.mccormickcorporation.com/
McDonald's Corporation,https://www.mcdonalds.com/us/en-us.html
The McGraw-Hill Companies Inc.,https://www.mheducation.com/
McKesson Corporation,https://www.mckesson.com/
McLeodUSA Incorporated,https://en.wikipedia.org/wiki/McLeodUSA
M.D.C. Holdings Inc.,https://ir.richmondamerican.com/
MDU Resources Group Inc.,https://www.mdu.com/
MeadWestvaco Corporation,https://en.wikipedia.org/wiki/MeadWestvaco
Medtronic Inc.,https://www.medtronic.com/us-en/index.html
Mellon Financial Corporation,https://www.mellon.com/
The Men's Wearhouse Inc.,https://www.menswearhouse.com/
"Merck & Co., Inc.",http://merck.com/
Mercury General Corporation,http://www.mercuryinsurance.com/
Merrill Lynch & Co. Inc.,https://www.ml.com/
Metaldyne Corporation,https://www.aam.com/
Metals USA Inc.,https://www.metalsusa.com/
MetLife Inc.,https://www.metlife.com/
Metris Companies Inc,https://www.bloomberg.com/research/stocks/private/snapshot.asp?privcapId=93637
MGIC Investment Corporation,https://mtg.mgic.com/
MGM Mirage,https://www.mgmresorts.com/en.html
Michaels Stores Inc.,https://www.michaels.com/
Micron Technology Inc.,https://www.micron.com/
Microsoft Corporation,https://www.microsoft.com/
Milacron Inc.,https://www.milacron.com/
Millennium Chemicals Inc.,http://www.cristal.com/Pages/default.aspx
Mirant Corporation,https://www.ajc.com/business/mirant-shareholders-getting-bankruptcy-payouts/L88cPoO7vyjbvqfVutIyQO/
Mohawk Industries Inc.,https://www.mohawkind.com/
Molex Incorporated,https://www.molex.com/molex/home
The MONY Group Inc.,https://www.bloomberg.com/research/stocks/private/snapshot.asp?privcapid=393737
Morgan Stanley Dean Witter & Co.,http://www.morganstanley.com/
Motorola Inc.,https://www.motorola.com/us/home
MPS Group Inc.,http://www.mpsgrp.com/
Murphy Oil Corporation,http://www.murphyoilcorp.com/
Nabors Industries Inc,https://nabors.com/
Nacco Industries Inc,http://www.nacco.com/
Nash Finch Company,https://www.spartannash.com/
National City Corp.,https://en.wikipedia.org/wiki/National_City_Corp.
National Commerce Financial Corporation,https://www.bloomberg.com/research/stocks/private/snapshot.asp?privcapId=289975
National Fuel Gas Company,https://natfuel.com/
National Oilwell Inc,https://www.nov.com/
National Rural Utilities Cooperative Finance Corporation,https://www.nrucfc.coop/
National Semiconductor Corporation,http://www.ti.com/
National Service Industries Inc,https://www.bloomberg.com/research/stocks/private/snapshot.asp?privcapId=291066
Navistar International Corporation,https://www.navistar.com/navistar/
NCR Corporation,https://www.ncr.com/
The Neiman Marcus Group Inc.,https://www.neimanmarcus.com/
New Jersey Resources Corporation,https://www.njresources.com/
New York Times Company,https://www.nytco.com/
Newell Rubbermaid Inc,https://www.newellbrands.com/
Newmont Mining Corporation,https://www.newmont.com/home/default.aspx
Nextel Communications Inc,https://en.wikipedia.org/wiki/Nextel_Communications
Nicor Inc,https://www.nicorinc.net/
Nike Inc,https://www.nike.com/language_tunnel
NiSource Inc,https://www.nisource.com/
Noble Energy Inc,https://www.nblenergy.com/
Nordstrom Inc,https://shop.nordstrom.com/
Norfolk Southern Corporation,http://www.nscorp.com/
Nortek Inc,http://www.nortek.com/
North Fork Bancorporation Inc,https://www.bloomberg.com/research/stocks/private/snapshot.asp?privcapId=292492
Northeast Utilities System,http://www.eversource.com/
Northern Trust Corporation,https://www.northerntrust.com/
Northrop Grumman Corporation,http://www.northropgrumman.com/
NorthWestern Corporation,http://www.northwesternenergy.com/
Novellus Systems Inc,https://www.lamresearch.com/
NSTAR,https://www.eversource.com/
NTL Incorporated,https://en.wikipedia.org/wiki/NTL_Incorporated
Nucor Corp,https://www.nucor.com/
Nvidia Corp,https://www.nvidia.com/en-us/about-nvidia/
NVR Inc,http://www.nvrinc.com/
Northwest Airlines Corp,https://en.wikipedia.org/wiki/Northwest_Airlines
Occidental Petroleum Corp,http://www.oxy.com/
Ocean Energy Inc,https://www.bizjournals.com/houston/stories/2003/02/24/daily5.html
Office Depot Inc.,https://www.officedepot.com/
OfficeMax Inc,https://www.officedepot.com/
OGE Energy Corp,https://oge.com/
Oglethorpe Power Corp.,https://opc.com/
Ohio Casualty Corp.,https://www.ohiocasualty-ins.com/
Old Republic International Corp.,http://www.oldrepublic.com/
Olin Corp.,http://www.olin.com/
OM Group Inc,http://www.omgroupinc.us/
Omnicare Inc,https://omnicare.com/
Omnicom Group,http://omnicomgroup.com/
On Semiconductor Corp,https://www.onsemi.com/
ONEOK Inc,http://www.oneok.com/
Oracle Corp,https://www.oracle.com/index.html
Oshkosh Truck Corp,https://www.oshkoshcorp.com/
Outback Steakhouse Inc.,https://www.outback.com/
Owens & Minor Inc.,https://www.owens-minor.com/
Owens Corning,https://www.owenscorning.com/
Owens-Illinois Inc,http://www.o-i.com/
Oxford Health Plans Inc,https://www.oxhp.com/
Paccar Inc,http://www.paccar.com/
PacifiCare Health Systems Inc,https://en.wikipedia.org/wiki/PacifiCare_Health_Systems
Packaging Corp. of America,https://www.packagingcorp.com/
Pactiv Corp,https://www.pactiv.com/Pactiv.htm
Pall Corp,https://www.pall.com/
Pantry Inc,https://en.wikipedia.org/wiki/The_Pantry
Park Place Entertainment Corp,https://en.wikipedia.org/wiki/Park_Place_Entertainment
Parker Hannifin Corp.,http://www.parker.com/
Pathmark Stores Inc.,http://www.pathmark.com/
Paychex Inc,https://www.paychex.com/
Payless Shoesource Inc,https://www.payless.com/
Penn Traffic Co.,https://en.wikipedia.org/wiki/Penn_Traffic
Pennzoil-Quaker State Company,https://www.pennzoil.com/
Pentair Inc,http://www.pentair.com/
Peoples Energy Corp.,http://peoplesgasdelivery.com/
PeopleSoft Inc,https://en.wikipedia.org/wiki/PeopleSoft
"Pep Boys Manny, Moe & Jack",https://www.pepboys.com/pep-boys-story
Potomac Electric Power Co.,https://www.pepco.com/Pages/default.aspx
Pepsi Bottling Group Inc.,https://www.pepsico.com/
PepsiAmericas Inc.,https://en.wikipedia.org/wiki/PepsiAmericas
PepsiCo Inc.,https://www.pepsico.com/
Performance Food Group Co.,http://pfgc.com/
Perini Corp,http://www.tutorperini.com/
PerkinElmer Inc,http://www.perkinelmer.com/
Perot Systems Corp,https://en.wikipedia.org/wiki/Perot_Systems
Petco Animal Supplies Inc.,https://www.petco.com/shop/en/petcostore
"Peter Kiewit Sons', Inc.",https://www.kiewit.com/
PETsMART Inc,https://www.petsmart.com/
Pfizer Inc,https://www.pfizer.com/
Pacific Gas & Electric Corp.,https://www.pge.com/
Pharmacia Corp,https://www.pfizer.com/about/history/pfizer_pharmacia
Phar Mor Inc.,https://en.wikipedia.org/wiki/Phar-Mor
Phelps Dodge Corp.,https://en.wikipedia.org/wiki/Phelps_Dodge
Philip Morris Companies Inc.,http://www.altria.com/About-Altria/our-companies/philipmorrisusa/Pages/default.aspx
Phillips Petroleum Co,https://en.wikipedia.org/wiki/Phillips_Petroleum_Company
Phillips Van Heusen Corp.,https://pvh.com/
Phoenix Companies Inc,https://www.thestreet.com/quote/PNX.html
Pier 1 Imports Inc.,https://www.pier1.com/
Pilgrim's Pride Corporation,http://www.pilgrimspride.com/
Pinnacle West Capital Corp,http://www.pinnaclewest.com/Home/default.aspx
Pioneer-Standard Electronics Inc.,https://www.eetimes.com/document.asp?doc_id=1145581
Pitney Bowes Inc.,https://www.pitneybowes.com/us
Pittston Brinks Group,N/A
Plains All American Pipeline LP,https://www.plainsallamerican.com/
PNC Financial Services Group Inc.,https://www.pnc.com/en/
PNM Resources Inc,http://www.pnmresources.com/
Polaris Industries Inc.,https://www.polaris.com/en-us/
Polo Ralph Lauren Corp,https://www.ralphlauren.com/
PolyOne Corp,http://www.polyone.com/
Popular Inc,https://www.popular.com/en/
Potlatch Corp,https://potlatchdeltic.com/
PPG Industries Inc,http://corporate.ppg.com/Home.aspx
PPL Corp,https://www.pplweb.com/
Praxair Inc,https://www.praxair.com/
Precision Castparts Corp,http://www.precast.com/
Premcor Inc.,https://www.bloomberg.com/research/stocks/private/snapshot.asp?privcapId=854067
Pride International Inc,http://pridebaltimore.com/
Primedia Inc,https://primediany.com/
Principal Financial Group Inc.,https://www.principal.com/
Procter & Gamble Co.,https://us.pg.com/
Pro-Fac Cooperative Inc.,https://www.bloomberg.com/research/stocks/private/snapshot.asp?privcapId=844144
Progress Energy Inc,https://en.wikipedia.org/wiki/Progress_Energy_Inc
Progressive Corporation,https://www.progressive.com/
Protective Life Corp,https://www.protective.com/
Provident Financial Group,https://www.providentfinancial.com/
Providian Financial Corp.,https://en.wikipedia.org/wiki/Providian
Prudential Financial Inc.,https://www.prudential.com/
PSS World Medical Inc,https://mms.mckesson.com/
Public Service Enterprise Group Inc.,https://www.pseg.com/
Publix Super Markets Inc.,http://www.publix.com/
Puget Energy Inc.,https://www.pugetenergy.com/
Pulte Homes Inc,https://www.pulte.com/
Qualcomm Inc,https://www.qualcomm.com/
Quanta Services Inc.,http://www.quantaservices.com/
Quantum Corp,https://www.quantum.com/
Quest Diagnostics Inc.,http://www.questdiagnostics.com/
Questar Corp,https://www.dominionenergy.com/
Quintiles Transnational,https://www.iqvia.com/
Qwest Communications Intl Inc,https://en.wikipedia.org/wiki/Qwest
R.J. Reynolds Tobacco Company,http://www.rjrt.com/
R.R. Donnelley & Sons Company,https://www.rrdonnelley.com/
Radio Shack Corporation,https://www.radioshack.com/
Raymond James Financial Inc.,https://www.raymondjames.com/
Raytheon Company,https://www.raytheon.com/
Reader's Digest Association Inc.,https://www.rd.com/
Reebok International Ltd.,https://www.reebok.com/us/
Regions Financial Corp.,https://ir.regions.com/
Regis Corporation,https://www.regiscorp.com/
Reliance Steel & Aluminum Co.,https://www.rsac.com/
Reliant Energy Inc.,https://www.reliant.com/
Rent A Center Inc,https://www.rentacenter.com/
Republic Services Inc,https://www.republicservices.com/
Revlon Inc,http://www.revlon.com/
RGS Energy Group Inc,https://rgsenergy.com/
Rite Aid Corp,https://www.riteaid.com/corporate
Riverwood Holding Inc.,https://www.sec.gov/Archives/edgar/data/886239/000095012303003294/y84803e425.htm
RoadwayCorp,http://roadwaytransportcorp.com/
Robert Half International Inc.,https://www.roberthalf.com/
Rock-Tenn Co,https://www.westrock.com/en
Rockwell Automation Inc,https://www.rockwellautomation.com/site-selection.html
Rockwell Collins Inc,https://www.rockwellcollins.com/
Rohm & Haas Co.,https://www.dow.com/en-us
Ross Stores Inc,http://www.rossstores.com/
RPM Inc.,http://www.rpminc.com/
Ruddick Corp,https://en.wikipedia.org/wiki/Ruddick_Corporation
Ryder System Inc,https://ryder.com/
Ryerson Tull Inc,https://www.ryerson.com/
Ryland Group Inc.,https://en.wikipedia.org/wiki/Ryland_Homes
Sabre Holdings Corp,https://www.sabre.com/
Safeco Corp,https://www.safeco.com/
Safeguard Scientifics Inc.,https://www.safeguard.com/
Safeway Inc,https://www.safeway.com/
Saks Inc,https://www.saksincorporated.com/
Sanmina-SCI Inc,http://www.sanmina.com/
Sara Lee Corp,https://en.wikipedia.org/wiki/Sara_Lee_Corporation
SBC Communications Inc,https://en.wikipedia.org/wiki/SBC_Communications
Scana Corp.,https://finance.yahoo.com/quote/SCG
Schering-Plough Corp,https://en.wikipedia.org/wiki/Schering-Plough
Scholastic Corp,http://www.scholastic.com/home/
SCI Systems Onc.,http://www.sci.com/
Science Applications Intl. Inc.,http://www.saic.com/
Scientific-Atlanta Inc,https://www.cisco.com/c/en/us/about/corporate-strategy-office/acquisitions/scientificatlanta.html
Scotts Company,https://www.scotts.com/en-us
Seaboard Corp,https://www.seaboardcorp.com/
Sealed Air Corp,https://sealedair.com/
Sears Roebuck & Co,https://www.sears.com/
Sempra Energy,https://www.sempra.com/
Sequa Corp,http://sequa.com/
Service Corp. International,http://www.sci-corp.com/en-us/index.page
ServiceMaster Co,https://www.servicemaster.com/
Shaw Group Inc,https://shawinc.com/
Sherwin-Williams Company,https://www.sherwin-williams.com/
Shopko Stores Inc,https://www.shopko.com/
Siebel Systems Inc,https://www.oracle.com/applications/siebel/
Sierra Health Services Inc,https://www.sierrahealthandlife.com/Member
Sierra Pacific Resources,https://www.nvenergy.com/
Silgan Holdings Inc.,http://silganholdings.com/
Silicon Graphics Inc,https://www.hpe.com/us/en/solutions/hpc-high-performance-computing.html
Simon Property Group Inc,https://www.simon.com/
SLM Corporation,https://www.salliemae.com/
Smith International Inc,https://en.wikipedia.org/wiki/Smith_International
Smithfield Foods Inc,https://www.smithfieldfoods.com/
Smurfit-Stone Container Corp,https://en.wikipedia.org/wiki/Smurfit-Stone_Container
Snap-On Inc,https://www.snapon.com/EN
Solectron Corp,https://en.wikipedia.org/wiki/Solectron
Solutia Inc,https://www.eastman.com/Pages/solutia.aspx
Sonic Automotive Inc.,https://www.sonicautomotive.com/
Sonoco Products Co.,https://www.sonoco.com/
Southern Company,https://www.southerncompany.com/
Southern Union Company,https://en.wikipedia.org/wiki/Southern_Union_Company
SouthTrust Corp.,https://www.southtrust.com/
Southwest Airlines Co,https://www.southwest.com/
Southwest Gas Corp,http://www.swgas.com/
Sovereign Bancorp Inc.,https://www.bloomberg.com/profiles/companies/0472439D:US-sovereign-bancorp-inc
Spartan Stores Inc,https://www.spartannash.com/
Spherion Corp,https://www.spherion.com/
Sports Authority Inc,https://en.wikipedia.org/wiki/Sports_Authority
Sprint Corp.,https://www.sprint.com/
SPX Corp,https://www.spx.com/
St. Jude Medical Inc,https://www.cardiovascular.abbott/us/en/home.html
St. Paul Cos.,https://www.spst.edu/cos/
Staff Leasing Inc.,https://staffleasing-peo.com/
StanCorp Financial Group Inc,https://www.standard.com/about-standard/company/investor-relations
Standard Pacific Corp.,https://en.wikipedia.org/wiki/Standard_Pacific_Homes
Stanley Works,https://www.stanleyblackanddecker.com/
Staples Inc,https://www.staples.com/
Starbucks Corp,https://www.starbucks.com/
Starwood Hotels & Resorts Worldwide Inc,https://www.marriott.com/about/corporate-overview.mi
State Street Corp.,http://www.statestreet.com/home.html
Stater Bros. Holdings Inc.,http://www.staterbros.com/
Steelcase Inc,https://www.steelcase.com/
Stein Mart Inc,https://www.steinmart.com/
Stewart & Stevenson Services  Inc,http://www.stewartandstevenson.com/
Stewart Information Services Corp,https://www.stewart.com/en.html
Stilwell Financial Inc,https://en.wikipedia.org/wiki/Janus_Capital_Group
Storage Technology Corporation,https://en.wikipedia.org/wiki/Storage_Technology_Corporation
Stryker Corp,http://www.stryker.com/us/en/index.html
Sun Healthcare Group Inc.,http://www.genesishcc.com/about-us/investors
Sun Microsystems Inc.,https://www.oracle.com/sun/
SunGard Data Systems Inc.,https://en.wikipedia.org/wiki/SunGard
Sunoco Inc.,https://www.sunoco.com/
SunTrust Banks Inc,https://www.suntrust.com/
Supervalu Inc,https://www.supervalu.com/
"Swift Transportation, Co., Inc",https://www.swifttrans.com/
Symbol Technologies Inc,https://www.ssetechnologies.com/zebra-technologies/
Synovus Financial Corp.,https://www.synovus.com/
Sysco Corp,https://www.sysco.com/
Systemax Inc.,https://www.systemax.com/
Target Corp.,https://www.target.com/
Tech Data Corporation,https://www.techdata.com/
TECO Energy Inc,https://www.tecoenergy.com/
Tecumseh Products Company,http://www.tecumseh.com/
Tektronix Inc,https://www.tek.com/
Teleflex Incorporated,https://www.teleflex.com/usa/?language_id=11
Telephone & Data Systems Inc,https://www.tdsinc.com/home/default.aspx
Tellabs Inc.,https://www.tellabs.com/
Temple-Inland Inc,https://en.wikipedia.org/wiki/Temple-Inland
Tenet Healthcare Corporation,https://www.tenethealth.com/
Tenneco Automotive Inc.,https://www.tenneco.com/
Teradyne Inc,https://www.teradyne.com/
Terex Corp,https://www.terex.com/
Tesoro Petroleum Corp.,http://tsocorp.com/
Texas Industries Inc.,https://www.martinmarietta.com/
Texas Instruments Incorporated,http://www.ti.com/
Textron Inc,http://www.textron.com/
Thermo Electron Corporation,https://www.thermofisher.com/us/en/home.html
Thomas & Betts Corporation,http://www.tnb.com/
Tiffany & Co,https://www.tiffany.com/
Timken Company,https://www.timken.com/
TJX Companies Inc,https://www.tjx.com/
TMP Worldwide Inc,https://www.tmp.com/
Toll Brothers Inc,https://www.tollbrothers.com/
Torchmark Corporation,https://www.torchmarkcorp.com/
Toro Company,http://thetorocompany.com/
Tower Automotive Inc.,https://towerinternational.com/
Toys 'R' Us Inc,https://www.toysrusinc.com/
Trans World Entertainment Corp.,https://www.twec.com/
TransMontaigne Inc,http://transmontaigne.com/
Transocean Inc,https://www.deepwater.com/
TravelCenters of America Inc.,https://www.ta-petro.com/
Triad Hospitals Inc,https://en.wikipedia.org/wiki/Triad_Hospitals
Tribune Company,http://www.tribunemedia.com/
Trigon Healthcare Inc.,https://www.nasdaq.com/markets/ipos/company/trigon-healthcare-inc-11110-7968
Trinity Industries Inc,http://www.trin.net/
Trump Hotels & Casino Resorts Inc.,https://en.wikipedia.org/wiki/Trump_Entertainment_Resorts
TruServ Corporation,http://www.truevaluecompany.com/
TRW Inc,https://en.wikipedia.org/wiki/TRW_Inc.
TXU Corp,http://www.txu.com/
Tyson Foods Inc,https://www.tyson.com/
U.S. Bancorp,https://www.usbank.com/index.html
U.S. Industries Inc.,https://www.usaindustries.com/
UAL Corporation,https://en.wikipedia.org/wiki/UAL_Corporation
UGI Corporation,https://www.ugicorp.com/home/default.aspx
Unified Western Grocers Inc,http://www.unifiedgrocers.com/
Union Pacific Corporation,http://www.up.com/
Union Planters Corp,https://en.wikipedia.org/wiki/Union_Planters
Unisource Energy Corp,https://www.uns.com/
Unisys Corporation,https://www.unisys.com/
United Auto Group Inc,https://www.penskeautomotive.com/
United Defense Industries Inc.,https://www.carlyle.com/our-business/portfolio-of-investments/united-defense-industries-inc
United Parcel Service Inc,https://www.ups.com/
United Rentals Inc,https://www.unitedrentals.com/
United Stationers Inc,https://www.essendant.com/
United Technologies Corporation,http://www.utc.com/
UnitedHealth Group Incorporated,https://www.unitedhealthgroup.com/
Unitrin Inc,https://www.kemper.com/wps/portal/Kemper/Home/!ut/p/b1/04_Sj9CPykssy0xPLMnMz0vMAfGjzOLdg5wMLJ0MHQ0MDPzNDTx9_LzcAg38jQzMjYAKIoEKDHAARwNC-sP1o8BK8Jjg55Gfm6pfkBthoOuoqAgA0HYp2w!!/dl4/d5/L2dBISEvZ0FBIS9nQSEh/
Universal Corporation,http://www.universalcorp.com/
Universal Forest Products Inc,https://www.ufpi.com/
Universal Health Services Inc,https://www.uhsinc.com/
Unocal Corporation,https://en.wikipedia.org/wiki/Unocal_Corporation
Unova Inc,https://en.wikipedia.org/wiki/Intermec
UnumProvident Corporation,https://www.unum.com/
URS Corporation,https://www.aecom.com/
US Airways Group Inc,https://en.wikipedia.org/wiki/US_Airways_Group
US Oncology Inc,https://www.usoncology.com/
USA Interactive,https://en.wikipedia.org/wiki/IAC_(company)
USFreighways Corporation,https://www.bloomberg.com/profiles/companies/0416450D:US-us-freightways-inc
USG Corporation,https://www.usg.com/content/usgcom/en.html
UST Inc,https://en.wikipedia.org/wiki/UST_Inc.
Valero Energy Corporation,https://www.valero.com/en-us/
Valspar Corporation,https://www.valspar.com/
Value City Department Stores Inc,https://www.valuecityfurniture.com/
Varco International Inc,http://www.varco.com/
Vectren Corporation,http://www.vectren.com/
Veritas Software Corporation,https://www.veritas.com/
Verizon Communications Inc,https://www.verizon.com/about/
VF Corporation,https://www.vfc.com/
Viacom Inc,https://www.viacom.com/
Viad Corp,http://www.viad.com/home/default.aspx
Viasystems Group Inc,https://www.ttm.com/
Vishay Intertechnology Inc,http://www.vishay.com/
Visteon Corporation,https://www.visteon.com/
Volt Information Sciences Inc,http://www.volt.com/
Vulcan Materials Company,http://www.vulcanmaterials.com/
W.R. Berkley Corporation,https://en.wikipedia.org/wiki/W._R._Berkley_Corporation
W.R. Grace & Co,https://grace.com/
W.W. Grainger Inc,https://www.grainger.com/
Wachovia Corporation,https://www.wellsfargo.com/about/corporate/wachovia
Wakenhut Corporation,https://en.wikipedia.org/wiki/Wackenhut
Walgreen Co,https://www.walgreens.com/
Wallace Computer Services Inc,https://www.bloomberg.com/research/stocks/private/snapshot.asp?privcapId=313164
Wal-Mart Stores Inc,https://corporate.walmart.com/
Walt Disney Co,https://www.thewaltdisneycompany.com/
Walter Industries Inc,https://www.nytimes.com/topic/company/walter-industries-inc
Washington Mutual Inc,https://en.wikipedia.org/wiki/Washington_Mutual
Washington Post Co.,https://www.washingtonpost.com/
Waste Management Inc,http://www.wm.com/index.jsp
Watsco Inc,https://www.watsco.com/
Weatherford International Inc,http://www.weatherford.com/
Weis Markets Inc.,https://www.weismarkets.com/
Wellpoint Health Networks Inc,https://www.antheminc.com/AboutAnthemInc/CompanyHistory/PW_D015003.html
Wells Fargo & Company,https://www.wellsfargo.com/
Wendy's International Inc,https://www.wendys.com/
Werner Enterprises Inc,http://www.werner.com/
WESCO International Inc,https://www.wesco.com/
Western Digital Inc,https://www.westerndigital.com/
Western Gas Resources Inc,http://www.westerngas.com/
WestPoint Stevens Inc,http://www.westpointhome.com/
Weyerhauser Company,https://www.weyerhaeuser.com/
WGL Holdings Inc,http://www.wglholdings.com/
Whirlpool Corporation,https://www.whirlpoolcorp.com/
Whole Foods Market Inc,https://www.wholefoodsmarket.com/
Willamette Industries Inc.,https://en.wikipedia.org/wiki/Willamette_Industries
Williams Companies Inc,https://co.williams.com/
Williams Sonoma Inc,http://www.williams-sonomainc.com/
Winn Dixie Stores Inc,https://www.winndixie.com/
Wisconsin Energy Corporation,http://www.wecenergygroup.com/
Wm Wrigley Jr Company,https://en.wikipedia.org/wiki/Wrigley_Company
World Fuel Services Corporation,https://www.wfscorp.com/en
WorldCom Inc,https://worldcomgroup.com/
Worthington Industries Inc,https://worthingtonindustries.com/Home
WPS Resources Corporation,http://wisconsinpublicservice.com/
Wyeth,https://wyeth.nyc/
Wyndham International Inc,http://wyndhamdestinations.com/
Xcel Energy Inc,https://www.xcelenergy.com/
Xerox Corp,https://www.xerox.com/
Xilinx Inc,http://www.xilinx.com/
XO Communications Inc,https://www.xo.com/
Yellow Corporation,http://www.yrcw.com/
York International Corp,http://www.york.com/
Yum Brands Inc.,http://www.yum.com/
Zale Corporation,https://www.zalecorp.com/corporate.aspx
Zions Bancorporation,http://www.zionsbancorporation.com/
